흰여울문화마을,바다,문화예술마을,흰여울문화마을,바다풍경,절영해안산책로,,,
깡깡이 예술마을,문화,,,,,,,
국립해양박물관,박물관,국립해양박물관,어린이박물관,,,,,
태종대,지질공원,부산국가지질공원,유네스코세계지질공원,,,,,
죽성성당,바다풍경,기장해안산책로,바다여행,감성사진,,,,
아홉산 숲,아홉산숲산책로,,,,,,,
해동용궁사 ,사찰,바다풍경,해안산책로,지질공원,부산국가지질공원,유네스코세계지질공원,,
임랑해수욕장,바다여행,,,,,,,
문화공감 수정,문화공감수정,힐링,근대문화,,,,,
일광해수욕장,부산바다,바다여행,,,,,,
구 백제병원,문화,,,,,,,
백산기념관,박물관,문화,,,,,,
한성1918 부산생활문화센터,문화공간,부산생활문화센터,,,,,,
조선통신사역사관,박물관,문화,,,,,,
부산해양자연사박물관,공원,금강공원,부산공원,부산해양자연사박물관,산책,힐링,,
부산근대역사관,박물관,부산문화원,,,,,,
보수동책방골목,문화마을,,,,,,,
임시수도기념관,박물관,문화,,,,,,
동아대석당박물관,박물관,동아대박물관,석당박물관,문화재,,,,
국립일제강제동원역사관,박물관,,,,,,,
부산박물관,부산박물관,부산문화재,박물관,,,,,
유엔기념공원,역사문화체험,산책로,유엔기념공원,평화공원,유엔조각공원,,,
오륙도,해안산책로,지질공원,부산국가지질공원,유네스코세계지질공원,,,,
신선대,부산야경,야경출사,,,,,,
송정해수욕장,죽도공원,바다,공원,산책,힐링,바다여행,,
힐튼부산 이터널저니,해안산책로,,,,,,,
스카이워크 시리즈,송도구름산책로,,,,,,,
민락수변공원,민락수변공원,수변공원,밤바다,부산바다,광안리바다,,,
송도해수욕장,산책하기좋은곳,힐링,바다,산책로,암남공원,지질공원,부산국가지질공원,유네스코세계지질공원
아미산전망대,산책,힐링,,,,,,
아미동 비석마을,비석문화마을,산책,감천문화마을,,,,,
부산시립미술관,문화시설,,,,,,,
오랑대공원,바다,기장바다,해안산책로,바다여행,지질공원,부산국가지질공원,유네스코세계지질공원,
국립수산과학관,해안산책로,,,,,,,
요산문학관,문화시설,,,,,,,
박차정의사 생가,문화,,,,,,,
우장춘 기념관,박물관,문화,,,,,,
누리바라기전망대,사진,야경,,,,,,
최민식갤러리,아미문화학습관,사진작가,,,,,,
수영사적공원,공원,수영사적공원,산책,,,,,
부산기상관측소,문화,,,,,,,
을숙도,을숙도생태공원,,,,,,,
부산시청자미디어센터,문화,,,,,,,
구포어린이교통공원,교통공원,구포어린이교통공원,,,,,,
부산솔로몬로파크,산책,문화,,,,,,
부산어촌민속관,박물관,,,,,,,
삼락생태공원,삼락생태공원,,,,,,,
암남공원,산책하기좋은곳,힐링,바다,산책로,암남공원,지질공원,부산국가지질공원,유네스코세계지질공원
장림포구 ,사진,산책,,,,,,
가덕도,문화,,,,,,,
렛츠런파크 부산경남,공원,,,,,,,
국립부산과학관,박물관,문화,,,,,,
송상현광장,복합문화공간,산책로,산책하기좋은곳,,,,,
어린이대공원,어린이대공원,산책,힐링,지질공원,부산국가지질공원,유네스코세계지질공원,,
국립부산국악원,문화,박물관,,,,,,
삼광사,사찰,산책하기좋은곳,,,,,,
청사포와 미포,부산바다,바다풍경,힐링,바다여행,,,,
뮤지엄다,감성사진,,,,,,,
부산시민공원,공원,산책,힐링,부산시민공원,,,,
호천마을,야경,부산야경,사진,호천문화플랫폼,,,,
봉래산,문화여행,바다풍경,,,,,,
영화의 거리,산책,,,,,,,
APEC나루공원,공원,수변공원,조각공원,APEC나루공원,산책,,,
40계단,40계단문화관광테마거리,40계단문화관,,,,,,
감천문화마을,감천문화마을,부산야경,,,,,,
다대포 해수욕장,바다여행,지질공원,부산국가지질공원,유네스코세계지질공원,,,,
부산영화체험박물관,부산영화체험박물관,,,,,,,
용두산공원,용두산공원,부산야경,힐링,,,,,
영도다리,야경,사진,,,,,,
중앙공원,민주공원,민주공원겹벚꽃,중앙공원,,,,,
황령산 전망쉼터,부산야경,,,,,,,
F1963,복합문화공간,,,,,,,
해운대,공원,산책로,산책하기좋은곳,힐링,감성사진,,,
광안리 해수욕장,바다,수변공원,야경,해양스포츠,바다여행,,,
금정산,사찰,산책,산책하기좋은곳,,,,,
금강공원,공원,금강공원,부산공원,부산해양자연사박물관,산책,힐링,,
범어사,사찰,산책,산책하기좋은곳,,,,,
동래읍성,산책하기좋은곳,,,,,,,
상해거리,문화,산책,,,,,,
이중섭문화거리,이중섭문화거리,,,,,,,
복천박물관,박물관,복천박물관,산책하기좋은곳,,,,,
벡스코,문화시설,,,,,,,
영화의 전당,복합문화공간,,,,,,,
장안사,사찰,힐링,산책,,,,,
백양산,어린이대공원,산책,힐링,지질공원,부산국가지질공원,유네스코세계지질공원,,
성지곡수원지,어린이대공원,산책,힐링,지질공원,부산국가지질공원,유네스코세계지질공원,,
장산,부산바다,바다풍경,힐링,바다여행,,,,
석불사,부산사찰,힐링,산책,,,,,
회동수원지,산책,힐링,,,,,,
동래향교,산책,문화재,,,,,,
가덕도 연대봉,바다,,,,,,,
승학산 억새평원,산책,힐링,,,,,,
대룡마을,복합문화공간,산책,산책하기좋은곳,,,,,
대신공원,공원,대신공원,산책하기좋은곳,힐링,,,,
화명수목원,산책하기좋은곳,힐링,,,,,,
선암사,어린이대공원,산책,힐링,지질공원,부산국가지질공원,유네스코세계지질공원,,
운수사,사찰,산책하기좋은곳,힐링,,,,,
스포원파크,공원,산책,수변공원,,,,,
충렬사,문화유적지,산책,,,,,,
부산커피박물관,박물관,부산커피박물관,,,,,,
사상생활사박물관,박물관,사상생활사박물관,,,,,,
사직야구장,스포츠,,,,,,,
기장 도예 관광 힐링촌 테마숲,힐링,산책로,산책하기좋은곳,,,,,
송도용궁구름다리,산책하기좋은곳,힐링,바다,산책로,암남공원,지질공원,부산국가지질공원,유네스코세계지질공원
부산치유의 숲,산책하기좋은돗,힐링,,,,,,
아미동비석마을,문화여행,,,,,,,
턴투워드부산,역사문화체험,산책로,유엔기념공원,평화공원,유엔조각공원,,,
기장 달음산 자연휴양림,산책하기좋은곳,힐링,산책로,,,,,
부산도서관,복합문화공간,,,,,,,
해운대수목원 ,공원,산책로,산책하기좋은곳,힐링,감성사진,,,
캐니베 드 쁘아송,감성사진,산책로,바다풍경,산책하기좋은곳,,,,
영도 봉산마을,문화여행,바다풍경,,,,,,
